Id,Name,class,xi physics,xipercent physics,percentile physics,zscore physics,totalpoint,totalpoint percent,total percentile,total z score,xi chemistry,xipercent chemistry,percentile chemistry,zscore chemistry
62244,จักรไช,5,5.0,5.0,7.864960352514258,-1.414213562373095,105.0,52.5,0.9213503964748575,1.4142135623730951,100.0,100.0,92.13503964748574,1.414213562373095
62242,กิตติธัช ประวัติ,19,19.0,19.0,76.02499389065231,0.7071067811865474,72.0,36.0,0.23975006109347669,-0.7071067811865476,53.0,53.0,23.975006109347667,-0.7071067811865477
62243,จักรไช,19,19.0,19.0,76.02499389065231,0.7071067811865474,72.0,36.0,0.23975006109347669,-0.7071067811865476,53.0,53.0,23.975006109347667,-0.7071067811865477
